{"easy":[{"Name":"john","Time":"20"},{"Name":"radu","Time":"50"}],"medium":[{"Name":"leo","Time":"10"},{"Name":"ade","Time":"60"},{"Name":"radu","Time":"100"},{"Name":"micheal","Time":"400"}],"hard":[{"Name":"diana","Time":"100"},{"Name":"radu","Time":"200"},{"Name":"diana","Time":"400"}],"insane":[{"Name":"john","Time":"1000"},{"Name":"radu","Time":"4000"},{"Name":"dimz","Time":"8888"},{"Name":"dimz","Time":"8888"},{"Name":"radu","Time":"12345"},{"Name":"radu","Time":"12345"},{"Name":"radu","Time":"12345"}]}